Render,HWFE/MemoryInterface,Pass
Render,HWFE/MemoryInterface,Pass
Render,HWFE/MemoryInterface,Pass
Render,HWFE/Interrupt,Pass
Render,HWFE/MicroController,Pass
Render,HWFE/MicroController,Pass
Render,HWFE/MicroController,Pass
Render,HWFE/MicroController,Pass
Render,HWFE/MicroController,Pass
Render,HWFE/MicroController,Pass
Render,HWFE/MicroController,Fail
Render,HWFE/MicroController,Pass
Render,HWFE/MicroController,Fail
Render,HWFE/MicroController,Pass
Render,HWFE/MicroController,Pass
Render,HWFE/Interrupt,Pass
Render,HWFE/Interrupt,Pass
Render,HWFE/MemoryInterface,Fail
Render,HWFE/MemoryInterface,Fail
Render,HWFE/Interrupt,Pass
Render,HWFE/Interrupt,Pass
Render,HWFE/Interrupt,Pass
Render,HWFE/Interrupt,Pass
Render,HWFE/Interrupt,Pass
Render,GLOBALS/Flush,Pass
Render,GLOBALS/Flush,Pass
Render,GLOBALS/Virtualization,Pass
Render,GLOBALS/Virtualization,Pass
Render,GLOBALS/Virtualization,Pass
Render,GLOBALS/Virtualization,Pass
Render,GLOBALS/Caches,Pass
Render,GLOBALS/PatMocs,Pass
Render,GLOBALS/PatMocs,Pass
Render,GLOBALS/PatMocs,Pass
Render,GLOBALS/PatMocs,Pass
Render,GLOBALS/PatMocs,Pass
Render,GLOBALS/PatMocs,Pass
Render,GLOBALS/PatMocs,Pass
Render,GLOBALS/PatMocs,Pass
Render,GLOBALS/PatMocs,Pass
Render,GLOBALS/PatMocs,Pass
Render,GLOBALS/PatMocs,Pass
Render,GLOBALS/PatMocs,Pass
Render,GLOBALS/PatMocs,Pass
Render,GLOBALS/PatMocs,Pass
Render,GLOBALS/PatMocs,Pass
Render,GLOBALS/PatMocs,Pass
Render,GLOBALS/PatMocs,Pass
Render,GLOBALS/PatMocs,Pass
Render,GLOBALS/PatMocs,Pass
Render,GLOBALS/PatMocs,Pass
Render,GLOBALS/PatMocs,Pass
Render,GLOBALS/PatMocs,Pass
Render,GLOBALS/PatMocs,Pass
Render,GLOBALS/PatMocs,Pass
Render,GLOBALS/PatMocs,Pass
Render,GLOBALS/PatMocs,Pass
Render,GLOBALS/PatMocs,Pass
Render,GLOBALS/PatMocs,Pass
Render,GLOBALS/PatMocs,Pass
Render,GLOBALS/PatMocs,Pass
Render,GLOBALS/PatMocs,Pass
Render,GLOBALS/PatMocs,Pass
Render,GLOBALS/PatMocs,Pass
Render,GLOBALS/PatMocs,Pass
Render,GLOBALS/PatMocs,Pass
Render,GLOBALS/PatMocs,Pass
Render,GLOBALS/PatMocs,Pass
Render,GLOBALS/PatMocs,Pass
Render,GLOBALS/PatMocs,Pass
Render,GLOBALS/PatMocs,Pass
Render,GLOBALS/PatMocs,Pass
Render,GLOBALS/PatMocs,Pass
Render,GLOBALS/PatMocs,Pass
Render,GLOBALS/PatMocs,Pass
Render,GLOBALS/PatMocs,Pass
Render,GLOBALS/PatMocs,Pass
Render,GLOBALS/PatMocs,Pass
Render,GLOBALS/HostGTAccesses,Pass
Render,GLOBALS/HostGTAccesses,Pass
Render,GLOBALS/HostGTAccesses,Pass
Render,GLOBALS/HostGTAccesses,Pass
Render,GLOBALS/HostGTAccesses,Pass
Render,GLOBALS/HostGTAccesses,Pass
Render,GLOBALS/HostGTAccesses,Fail
Render,GLOBALS/HostGTAccesses,Pass
Render,GLOBALS/HostGTAccesses,Pass
Render,GLOBALS/HostGTAccesses,Pass
Render,GLOBALS/HostGTAccesses,Pass
Render,GLOBALS/HostGTAccesses,Pass
Render,GLOBALS/HostGTAccesses,Pass
Render,GLOBALS/HostGTAccesses,Pass
Render,GLOBALS/UnifiedMemory,Pass
Render,GLOBALS/UnifiedMemory,Pass
Render,GLOBALS/UnifiedMemory,Pass
Render,GLOBALS/UnifiedMemory,Pass
Render,HWFE/MemoryInterface,Pass
Render,GLOBALS/Registers,Pass
Render,GLOBALS/Registers,Pass
Render,HWFE/MemoryInterface,Pass
Render,HWFE/MicroController,Pass
Render,HWFE/MicroController,Pass
Render,HWFE/MicroController,Pass
Render,HWFE/MicroController,Pass
Render,HWFE/MicroController,Pass
Render,HWFE/MicroController,Pass
Render,HWFE/MicroController,Pass
Render,HWFE/MicroController,Pass
Render,HWFE/MicroController,Pass
Render,HWFE/MicroController,Pass
Render,HWFE/MicroController,Pass
Render,HWFE/MicroController,Pass
Render,HWFE/MicroController,Pass
Render,HWFE/MicroController,Pass
Render,HWFE/MicroController,Pass
Render,HWFE/MicroController,Pass
Render,HWFE/MicroController,Pass
Render,Concurrency/AllEngine,Pass
Render,Concurrency/AllEngine,Pass
Render,HWFE/MicroController,Warn
Render,HWFE/MicroController,Warn
Render,HWFE/MicroController,Warn
Render,HWFE/MicroController,Warn
Render,HWFE/MicroController,Pass
Render,HWFE/MicroController,Pass
Render,HWFE/MicroController,Pass
Render,HWFE/MicroController,Pass
Render,HWFE/MicroController,Pass
Render,HWFE/MicroController,Pass
Render,HWFE/MicroController,Pass
Render,HWFE/MicroController,Pass
Render,HWFE/MicroController,Pass
Render,HWFE/MicroController,Pass
Render,HWFE/MicroController,Pass
Render,HWFE/MicroController,Pass
Render,GLOBALS/UnifiedMemory,Pass
Render,GLOBALS/PatMocs,Pass
Render,GLOBALS/PatMocs,Pass
Render,GLOBALS/UnifiedMemory,Pass
Render,GLOBALS/UnifiedMemory,Pass
Render,GLOBALS/UnifiedMemory,Pass
Render,GLOBALS/UnifiedMemory,Pass
Render Fulsim,HWFE/MemoryInterface,Pass
Render Fulsim,HWFE/MemoryInterface,Pass
Render Fulsim,HWFE/MemoryInterface,Pass
Render Fulsim,HWFE/MemoryInterface,Pass
Render Fulsim,HWFE/MemoryInterface,Pass
Render Fulsim,HWFE/MemoryInterface,Pass
Render Fulsim,HWFE/MemoryInterface,Pass
Render Fulsim,HWFE/MemoryInterface,Pass
Render Fulsim,HWFE/MemoryInterface,Pass
Render Fulsim,HWFE/MemoryInterface,Pass
Render Fulsim,HWFE/Interrupt,Pass
Render Fulsim,HWFE/Interrupt,Pass
Render Fulsim,HWFE/Interrupt,Pass
Render Fulsim,HWFE/MicroController,Pass
Render Fulsim,HWFE/MicroController,Pass
Render Fulsim,HWFE/Interrupt,Pass
Render Fulsim,HWFE/Interrupt,Pass
Render Fulsim,HWFE/BatchBuffer,Pass
Render Fulsim,HWFE/BatchBuffer,Pass
Render Fulsim,HWFE/BatchBuffer,Pass
Render Fulsim,HWFE/BatchBuffer,Pass
Render Fulsim,HWFE/BatchBuffer,Pass
Render Fulsim,HWFE/BatchBuffer,Pass
Render Fulsim,HWFE/BatchBuffer,Pass
Render Fulsim,HWFE/BatchBuffer,Pass
Render Fulsim,HWFE/BatchBuffer,Pass
Render Fulsim,HWFE/BatchBuffer,Pass
Render Fulsim,HWFE/Execlist,Pass
Render Fulsim,HWFE/Execlist,Pass
Render Fulsim,HWFE/Execlist,Pass
Render Fulsim,HWFE/Execlist,Pass
Render Fulsim,HWFE/Execlist,Pass
Render Fulsim,HWFE/Execlist,Pass
Render Fulsim,HWFE/MemoryInterface,Pass
Render Fulsim,HWFE/MemoryInterface,Pass
Render Fulsim,HWFE/MemoryInterface,Pass
Render Fulsim,HWFE/MemoryInterface,Pass
Render Fulsim,HWFE/MemoryInterface,Pass
Render Fulsim,HWFE/MemoryInterface,Pass
Render Fulsim,HWFE/MemoryInterface,Pass
Render Fulsim,HWFE/MemoryInterface,Pass
Render Fulsim,HWFE/MemoryInterface,Pass
Render Fulsim,HWFE/MemoryInterface,Pass
Render Fulsim,HWFE/MemoryInterface,Fail
Render Fulsim,HWFE/MemoryInterface,Fail
Render Fulsim,HWFE/MemoryInterface,Fail
Render Fulsim,HWFE/MemoryInterface,Pass
Render Fulsim,HWFE/MemoryInterface,Fail
Render Fulsim,HWFE/MemoryInterface,Fail
Render Fulsim,HWFE/MemoryInterface,Fail
Render Fulsim,HWFE/MemoryInterface,Pass
Render Fulsim,HWFE/MemoryInterface,Pass
Render Fulsim,HWFE/BatchBuffer,Pass
Render Fulsim,HWFE/MemoryInterface,Pass
Render Fulsim,HWFE/BatchBuffer,Pass
Render Fulsim,HWFE/MemoryInterface,Pass
Render Fulsim,HWFE/MemoryInterface,Pass
Render Fulsim,HWFE/MemoryInterface,Pass
Render Fulsim,HWFE/MemoryInterface,Pass
Render Fulsim,HWFE/MemoryInterface,Pass
Render Fulsim,HWFE/MemoryInterface,Pass
Render Fulsim,HWFE/MemoryInterface,Pass
Render Fulsim,HWFE/MemoryInterface,Pass
Render Fulsim,HWFE/MemoryInterface,Pass
Render Fulsim,HWFE/MemoryInterface,Pass
Render Fulsim,HWFE/MemoryInterface,Pass
Render Fulsim,HWFE/RegisterAccess,Pass
Render Fulsim,HWFE/RegisterAccess,Pass
Render Fulsim,HWFE/Semaphores,Pass
Render Fulsim,HWFE/Semaphores,Pass
Render Fulsim,HWFE/Semaphores,Pass
Render Fulsim,HWFE/Semaphores,Pass
Render Fulsim,HWFE/Semaphores,Pass
Render Fulsim,HWFE/Semaphores,Pass
Render Fulsim,HWFE/Semaphores,Pass
Render Fulsim,HWFE/Semaphores,Pass
Render Fulsim,HWFE/Semaphores,Pass
Render Fulsim,HWFE/Interrupt,Pass
Render Fulsim,HWFE/Semaphores,Pass
Render Fulsim,HWFE/Semaphores,Fail
Render Fulsim,HWFE/RenderCompute,Pass
Render Fulsim,HWFE/Execlist,Pass
Render Fulsim,HWFE/Execlist,Pass
Render Fulsim,HWFE/Execlist,Pass
Render Fulsim,HWFE/Execlist,Pass
Render Fulsim,HWFE/Execlist,Pass
Render Fulsim,HWFE/Execlist,Pass
Render Fulsim,HWFE/Execlist,Pass
Render Fulsim,HWFE/Execlist,Pass
Render Fulsim,HWFE/Execlist,Error
Render Fulsim,HWFE/Execlist,Pass
Render Fulsim,HWFE/Execlist,Pass
Render Fulsim,HWFE/Execlist,Pass
Render Fulsim,HWFE/Execlist,Pass
Render Fulsim,HWFE/Execlist,Error
Render Fulsim,HWFE/Execlist,Pass
Render Fulsim,HWFE/Execlist,Pass
Render Fulsim,HWFE/Execlist,Pass
Render Fulsim,HWFE/Execlist,Pass
Render Fulsim,HWFE/Execlist,Pass
Render Fulsim,HWFE/Execlist,Pass
Render Fulsim,HWFE/Execlist,Pass
Render Fulsim,HWFE/Execlist,Pass
Render Fulsim,HWFE/Execlist,Pass
Render Fulsim,HWFE/Execlist,Pass
Render Fulsim,HWFE/Execlist,Pass
Render Fulsim,HWFE/Execlist,Pass
Render Fulsim,HWFE/Execlist,Pass
Render Fulsim,HWFE/Execlist,Pass
Render Fulsim,HWFE/Execlist,Pass
Render Fulsim,HWFE/Execlist,Pass
Render Fulsim,HWFE/Execlist,Pass
Render Fulsim,HWFE/Preemption,Pass
Render Fulsim,HWFE/Preemption,Pass
Render Fulsim,HWFE/Interrupt,Pass
Render Fulsim,GLOBALS/Caches,Pass
Render Fulsim,GLOBALS/PatMocs,Pass
Render Fulsim,GLOBALS/PatMocs,Pass
Render Fulsim,GLOBALS/UnifiedMemory,Pass
Render Fulsim,GLOBALS/UnifiedMemory,Pass
Render Fulsim,GLOBALS/UnifiedMemory,Pass
Render Fulsim,GLOBALS/UnifiedMemory,Pass
Render Fulsim,GLOBALS/UnifiedMemory,Pass
Render Fulsim,GLOBALS/UnifiedMemory,Pass
Render Fulsim,GLOBALS/UnifiedMemory,Pass
Render Fulsim,GLOBALS/UnifiedMemory,Pass
Render Fulsim,GLOBALS/UnifiedMemory,Pass
Render Fulsim,GLOBALS/UnifiedMemory,Pass
Render Fulsim,GLOBALS/UnifiedMemory,Pass
Render Fulsim,GLOBALS/UnifiedMemory,Error
Render Fulsim,GLOBALS/UnifiedMemory,Fail
Render Fulsim,GLOBALS/UnifiedMemory,Pass
Render Fulsim,GLOBALS/UnifiedMemory,Pass
Render Fulsim,GLOBALS/UnifiedMemory,Pass
Render Fulsim,GLOBALS/UnifiedMemory,Pass
Render Fulsim,GLOBALS/UnifiedMemory,Pass
Render Fulsim,GLOBALS/UnifiedMemory,Pass
Render Fulsim,GLOBALS/UnifiedMemory,Pass
Render Fulsim,GLOBALS/UnifiedMemory,Pass
Render Fulsim,GLOBALS/UnifiedMemory,Pass
Render Fulsim,GLOBALS/UnifiedMemory,Pass
Render Fulsim,GLOBALS/UnifiedMemory,Pass
Render Fulsim,GLOBALS/UnifiedMemory,Pass
Render Fulsim,GLOBALS/UnifiedMemory,Pass
Render Fulsim,GLOBALS/UnifiedMemory,Pass
Render Fulsim,GLOBALS/UnifiedMemory,Pass
Render Fulsim,GLOBALS/UnifiedMemory,Pass
Render Fulsim,GLOBALS/UnifiedMemory,Pass
Render Fulsim,GLOBALS/UnifiedMemory,Pass
Render Fulsim,GLOBALS/UnifiedMemory,Pass
Render Fulsim,GLOBALS/UnifiedMemory,Pass
Render Fulsim,GLOBALS/UnifiedMemory,Pass
Render Fulsim,GLOBALS/UnifiedMemory,Pass
Render Fulsim,GLOBALS/UnifiedMemory,Pass
Render Fulsim,GLOBALS/UnifiedMemory,Pass
Render Fulsim,GLOBALS/UnifiedMemory,Pass
Render Fulsim,GLOBALS/UnifiedMemory,Pass
Render Fulsim,GLOBALS/UnifiedMemory,Pass
Render Fulsim,GLOBALS/UnifiedMemory,Pass
Render Fulsim,GLOBALS/UnifiedMemory,Pass
Render Fulsim,GLOBALS/UnifiedMemory,Pass
Render Fulsim,GLOBALS/UnifiedMemory,Pass
Render Fulsim,GLOBALS/UnifiedMemory,Pass
Render Fulsim,GLOBALS/UnifiedMemory,Pass
Render Fulsim,GLOBALS/UnifiedMemory,Fail
Render Fulsim,GLOBALS/UnifiedMemory,Fail
Render Fulsim,GLOBALS/UnifiedMemory,Pass
Render Fulsim,GLOBALS/UnifiedMemory,Pass
Render Fulsim,GLOBALS/UnifiedMemory,Pass
Render Fulsim,GLOBALS/UnifiedMemory,Pass
Render Fulsim,GLOBALS/UnifiedMemory,Pass
Render Fulsim,GLOBALS/UnifiedMemory,Pass
Render Fulsim,GLOBALS/UnifiedMemory,Pass
Render Fulsim,GLOBALS/UnifiedMemory,Pass
Render Fulsim,GLOBALS/UnifiedMemory,Pass
Render Fulsim,GLOBALS/UnifiedMemory,Pass
Render Fulsim,GLOBALS/UnifiedMemory,Pass
Render Fulsim,GLOBALS/UnifiedMemory,Pass
Render Fulsim,GLOBALS/UnifiedMemory,Pass
Render Fulsim,GLOBALS/UnifiedMemory,Pass
Render Fulsim,GLOBALS/UnifiedMemory,Pass
Render Fulsim,GLOBALS/UnifiedMemory,Pass
Render Fulsim,GLOBALS/UnifiedMemory,Pass
Render Fulsim,GLOBALS/UnifiedMemory,Pass
Render Fulsim,GLOBALS/UnifiedMemory,Pass
Render Fulsim,HWFE/Interrupt,Pass
Render Fulsim,HWFE/Interrupt,Pass
Render Fulsim,HWFE/Interrupt,Pass
Render Fulsim,HWFE/Interrupt,Pass
Render Fulsim,HWFE/Interrupt,Pass
Render Fulsim,HWFE/MemoryInterface,Pass
Render Fulsim,HWFE/MemoryInterface,Pass
Render Fulsim,HWFE/MemoryInterface,Pass
Render Fulsim,HWFE/MemoryInterface,Pass
Render Fulsim,HWFE/MemoryInterface,Pass
Render Fulsim,HWFE/MemoryInterface,Pass
Render Fulsim,HWFE/MemoryInterface,Pass
Render Fulsim,HWFE/BatchBuffer,Pass
Render Fulsim,HWFE/BatchBuffer,Pass
Render Fulsim,HWFE/BatchBuffer,Pass
Render Fulsim,HWFE/BatchBuffer,Pass
Render Fulsim,HWFE/BatchBuffer,Pass
Render Fulsim,HWFE/BatchBuffer,Pass
Render Fulsim,HWFE/BatchBuffer,Pass
Render Fulsim,HWFE/BatchBuffer,Pass
Render Fulsim,HWFE/Interrupt,Pass
Render Fulsim,HWFE/MemoryInterface,Fail
Render Fulsim,HWFE/MemoryInterface,Fail
Render Fulsim,HWFE/MemoryInterface,Fail
Render Fulsim,HWFE/MemoryInterface,Fail
Render Fulsim,HWFE/MicroController,Pass
Render Fulsim,HWFE/MicroController,Pass
Render Fulsim,HWFE/MicroController,Pass
Render Fulsim,HWFE/MicroController,Pass
Render Fulsim,HWFE/MicroController,Pass
Render Fulsim,HWFE/MicroController,Pass
Render Fulsim,HWFE/MicroController,Pass
Render Fulsim,HWFE/MicroController,Pass
Render Fulsim,HWFE/MicroController,Pass
Render Fulsim,HWFE/MicroController,Pass
Render Fulsim,HWFE/MicroController,Pass
Render Fulsim,HWFE/MicroController,Pass
Render Fulsim,HWFE/MicroController,Pass
Render Fulsim,HWFE/MicroController,Pass
Render Fulsim,HWFE/MicroController,Pass
Render Fulsim,HWFE/MicroController,Pass
Render Fulsim,HWFE/MicroController,Pass
Render Fulsim,HWFE/MicroController,Pass
Render Fulsim,HWFE/MicroController,Pass
Render Fulsim,HWFE/MicroController,Pass
Render Fulsim,HWFE/MicroController,Pass
Render Fulsim,HWFE/MicroController,Pass
Render Fulsim,HWFE/MicroController,Pass
Render Fulsim,HWFE/MicroController,Pass
Render Fulsim,HWFE/MicroController,Pass
Render Fulsim,HWFE/MicroController,Pass
Render Fulsim,Concurrency/AllEngine,Pass
Render Fulsim,Concurrency/AllEngine,Pass
Render Fulsim,Concurrency/AllEngine,Pass
Render Fulsim,Concurrency/AllEngine,Pass
Render Fulsim,Concurrency/AllEngine,Pass
Render Fulsim,Concurrency/AllEngine,Pass
Render Fulsim,Concurrency/AllEngine,Pass
Render Fulsim,Concurrency/AllEngine,Pass
Render Fulsim,Concurrency/AllEngine,Pass
Render Fulsim,Concurrency/AllEngine,Pass
Render Fulsim,Concurrency/AllEngine,Pass
Render Fulsim,Concurrency/AllEngine,Pass
Render Fulsim,Concurrency/AllEngine,Pass
Render Fulsim,Concurrency/AllEngine,Pass
Render Fulsim,Concurrency/AllEngine,Pass
Render Fulsim,Concurrency/AllEngine,Pass
Render Fulsim,Concurrency/AllEngine,Pass
Render Fulsim,Concurrency/AllEngine,Pass
Render Fulsim,Concurrency/AllEngine,Pass
Render Fulsim,Concurrency/AllEngine,Pass
Render Fulsim,Concurrency/AllEngine,Pass
Render Fulsim,Concurrency/AllEngine,Pass
Render Fulsim,Concurrency/AllEngine,Pass
Render Fulsim,Concurrency/AllEngine,Pass
Render Fulsim,Concurrency/AllEngine,Pass
Render Fulsim,Concurrency/AllEngine,Pass
Render Fulsim,Concurrency/AllEngine,Pass
Render Fulsim,Concurrency/AllEngine,Pass
Render Fulsim,Concurrency/AllEngine,Pass
Render Fulsim,Concurrency/AllEngine,Pass
Render Fulsim,Concurrency/AllEngine,Pass
Render Fulsim,Concurrency/AllEngine,Pass
Render Fulsim,Concurrency/AllEngine,Pass
Render Fulsim,Concurrency/AllEngine,Pass
Render Fulsim,Concurrency/AllEngine,Pass
Render Fulsim,Concurrency/AllEngine,Pass
Render Fulsim,Concurrency/AllEngine,Pass
Render Fulsim,Concurrency/AllEngine,Pass
Render Fulsim,Concurrency/AllEngine,Pass
Render Fulsim,Concurrency/AllEngine,Pass
Render Fulsim,Concurrency/AllEngine,Pass
Render Fulsim,Concurrency/AllEngine,Pass
Render Fulsim,Concurrency/AllEngine,Fail
Render Fulsim,GLOBALS/UnifiedMemory,Fail
Render Fulsim,HWFE/MicroController,Error
Render Fulsim,HWFE/MicroController,Error
Lockup,HWFE/MemoryInterface,Pass
Lockup,HWFE/MemoryInterface,Pass
Lockup,HWFE/MemoryInterface,Pass
Lockup,HWFE/Interrupt,Fail
Lockup,HWFE/MicroController,Fail
Lockup,HWFE/MicroController,Pass
Lockup,HWFE/MicroController,Fail
Lockup,HWFE/MicroController,Fail
Lockup,HWFE/MicroController,Pass
Lockup,HWFE/MicroController,Pass
Lockup,HWFE/MicroController,NotRun
Lockup,HWFE/MicroController,Fail
Lockup,HWFE/MicroController,NotRun
Lockup,HWFE/MicroController,Fail
Lockup,HWFE/MicroController,Fail
Lockup,HWFE/Interrupt,Pass
Lockup,HWFE/Interrupt,Pass
Lockup,HWFE/MemoryInterface,NotRun
Lockup,HWFE/MemoryInterface,NotRun
Lockup,HWFE/Interrupt,Pass
Lockup,HWFE/Interrupt,Pass
Lockup,HWFE/Interrupt,Pass
Lockup,HWFE/Interrupt,Pass
Lockup,HWFE/Interrupt,Pass
Lockup,GLOBALS/Flush,Pass
Lockup,GLOBALS/Flush,Pass
Lockup,GLOBALS/Virtualization,Fail
Lockup,GLOBALS/Virtualization,Fail
Lockup,GLOBALS/Virtualization,Fail
Lockup,GLOBALS/Virtualization,Fail
Lockup,GLOBALS/Caches,Pass
Lockup,GLOBALS/PatMocs,Pass
Lockup,GLOBALS/PatMocs,Pass
Lockup,GLOBALS/PatMocs,Pass
Lockup,GLOBALS/PatMocs,Pass
Lockup,GLOBALS/PatMocs,Pass
Lockup,GLOBALS/PatMocs,Pass
Lockup,GLOBALS/PatMocs,Pass
Lockup,GLOBALS/PatMocs,Pass
Lockup,GLOBALS/PatMocs,Pass
Lockup,GLOBALS/PatMocs,Pass
Lockup,GLOBALS/PatMocs,Pass
Lockup,GLOBALS/PatMocs,Pass
Lockup,GLOBALS/PatMocs,Pass
Lockup,GLOBALS/PatMocs,Pass
Lockup,GLOBALS/PatMocs,Pass
Lockup,GLOBALS/PatMocs,Pass
Lockup,GLOBALS/PatMocs,Pass
Lockup,GLOBALS/PatMocs,Pass
Lockup,GLOBALS/PatMocs,Pass
Lockup,GLOBALS/PatMocs,Pass
Lockup,GLOBALS/PatMocs,Pass
Lockup,GLOBALS/PatMocs,Pass
Lockup,GLOBALS/PatMocs,Pass
Lockup,GLOBALS/PatMocs,Pass
Lockup,GLOBALS/PatMocs,Pass
Lockup,GLOBALS/PatMocs,Pass
Lockup,GLOBALS/PatMocs,Pass
Lockup,GLOBALS/PatMocs,Pass
Lockup,GLOBALS/PatMocs,Pass
Lockup,GLOBALS/PatMocs,Pass
Lockup,GLOBALS/PatMocs,Pass
Lockup,GLOBALS/PatMocs,Pass
Lockup,GLOBALS/PatMocs,Pass
Lockup,GLOBALS/PatMocs,Pass
Lockup,GLOBALS/PatMocs,Pass
Lockup,GLOBALS/PatMocs,Pass
Lockup,GLOBALS/PatMocs,Pass
Lockup,GLOBALS/PatMocs,Pass
Lockup,GLOBALS/PatMocs,Pass
Lockup,GLOBALS/PatMocs,Pass
Lockup,GLOBALS/PatMocs,Pass
Lockup,GLOBALS/PatMocs,Pass
Lockup,GLOBALS/PatMocs,Pass
Lockup,GLOBALS/PatMocs,Pass
Lockup,GLOBALS/PatMocs,Pass
Lockup,GLOBALS/PatMocs,Pass
Lockup,GLOBALS/PatMocs,Pass
Lockup,GLOBALS/HostGTAccesses,Fail
Lockup,GLOBALS/HostGTAccesses,Fail
Lockup,GLOBALS/HostGTAccesses,Fail
Lockup,GLOBALS/HostGTAccesses,Pass
Lockup,GLOBALS/HostGTAccesses,Pass
Lockup,GLOBALS/HostGTAccesses,Pass
Lockup,GLOBALS/HostGTAccesses,NotRun
Lockup,GLOBALS/HostGTAccesses,Fail
Lockup,GLOBALS/HostGTAccesses,Fail
Lockup,GLOBALS/HostGTAccesses,Fail
Lockup,GLOBALS/HostGTAccesses,Fail
Lockup,GLOBALS/HostGTAccesses,Fail
Lockup,GLOBALS/HostGTAccesses,Fail
Lockup,GLOBALS/HostGTAccesses,Fail
Lockup,GLOBALS/UnifiedMemory,Fail
Lockup,GLOBALS/UnifiedMemory,Fail
Lockup,GLOBALS/UnifiedMemory,Fail
Lockup,GLOBALS/UnifiedMemory,Fail
Lockup,HWFE/MemoryInterface,Pass
Lockup,GLOBALS/Registers,Pass
Lockup,GLOBALS/Registers,Fail
Lockup,HWFE/MemoryInterface,Pass
Lockup,HWFE/MicroController,Pass
Lockup,HWFE/MicroController,Pass
Lockup,HWFE/MicroController,Pass
Lockup,HWFE/MicroController,Pass
Lockup,HWFE/MicroController,Pass
Lockup,HWFE/MicroController,Pass
Lockup,HWFE/MicroController,Pass
Lockup,HWFE/MicroController,Pass
Lockup,HWFE/MicroController,Fail
Lockup,HWFE/MicroController,Fail
Lockup,HWFE/MicroController,Pass
Lockup,HWFE/MicroController,Pass
Lockup,HWFE/MicroController,Fail
Lockup,HWFE/MicroController,Fail
Lockup,HWFE/MicroController,Pass
Lockup,HWFE/MicroController,Fail
Lockup,HWFE/MicroController,Fail
Lockup,Concurrency/AllEngine,Pass
Lockup,Concurrency/AllEngine,Pass
Lockup,HWFE/MicroController,Pass
Lockup,HWFE/MicroController,Pass
Lockup,HWFE/MicroController,Pass
Lockup,HWFE/MicroController,Pass
Lockup,HWFE/MicroController,Pass
Lockup,HWFE/MicroController,Fail
Lockup,HWFE/MicroController,Pass
Lockup,HWFE/MicroController,Pass
Lockup,HWFE/MicroController,Pass
Lockup,HWFE/MicroController,Fail
Lockup,HWFE/MicroController,Fail
Lockup,HWFE/MicroController,Pass
Lockup,HWFE/MicroController,Pass
Lockup,HWFE/MicroController,Pass
Lockup,HWFE/MicroController,Pass
Lockup,HWFE/MicroController,Fail
Lockup,GLOBALS/UnifiedMemory,Pass
Lockup,GLOBALS/PatMocs,Pass
Lockup,GLOBALS/PatMocs,Pass
Lockup,GLOBALS/UnifiedMemory,Pass
Lockup,GLOBALS/UnifiedMemory,Pass
Lockup,GLOBALS/UnifiedMemory,Fail
Lockup,GLOBALS/UnifiedMemory,Pass
Compare,HWFE/MemoryInterface,Pass
Compare,HWFE/MemoryInterface,Pass
Compare,HWFE/MemoryInterface,Pass
Compare,HWFE/MemoryInterface,Pass
Compare,HWFE/MemoryInterface,Pass
Compare,HWFE/MemoryInterface,Pass
Compare,HWFE/MemoryInterface,Pass
Compare,HWFE/MemoryInterface,Pass
Compare,HWFE/MemoryInterface,Pass
Compare,HWFE/MemoryInterface,Pass
Compare,HWFE/Interrupt,Pass
Compare,HWFE/Interrupt,Pass
Compare,HWFE/Interrupt,Pass
Compare,HWFE/MicroController,Pass
Compare,HWFE/MicroController,Pass
Compare,HWFE/Interrupt,Pass
Compare,HWFE/Interrupt,Pass
Compare,HWFE/BatchBuffer,Pass
Compare,HWFE/BatchBuffer,Pass
Compare,HWFE/BatchBuffer,Pass
Compare,HWFE/BatchBuffer,Pass
Compare,HWFE/BatchBuffer,Pass
Compare,HWFE/BatchBuffer,Pass
Compare,HWFE/BatchBuffer,Pass
Compare,HWFE/BatchBuffer,Pass
Compare,HWFE/BatchBuffer,Pass
Compare,HWFE/BatchBuffer,Pass
Compare,HWFE/Execlist,Pass
Compare,HWFE/Execlist,Pass
Compare,HWFE/Execlist,Pass
Compare,HWFE/Execlist,Pass
Compare,HWFE/Execlist,Pass
Compare,HWFE/Execlist,Pass
Compare,HWFE/MemoryInterface,Fail
Compare,HWFE/MemoryInterface,Fail
Compare,HWFE/MemoryInterface,Pass
Compare,HWFE/MemoryInterface,Pass
Compare,HWFE/MemoryInterface,Pass
Compare,HWFE/MemoryInterface,Pass
Compare,HWFE/MemoryInterface,Pass
Compare,HWFE/MemoryInterface,Pass
Compare,HWFE/MemoryInterface,Pass
Compare,HWFE/MemoryInterface,Pass
Compare,HWFE/MemoryInterface,NotRun
Compare,HWFE/MemoryInterface,NotRun
Compare,HWFE/MemoryInterface,NotRun
Compare,HWFE/MemoryInterface,Pass
Compare,HWFE/MemoryInterface,NotRun
Compare,HWFE/MemoryInterface,NotRun
Compare,HWFE/MemoryInterface,NotRun
Compare,HWFE/MemoryInterface,Pass
Compare,HWFE/MemoryInterface,Pass
Compare,HWFE/BatchBuffer,Fail
Compare,HWFE/MemoryInterface,Pass
Compare,HWFE/BatchBuffer,Fail
Compare,HWFE/MemoryInterface,Pass
Compare,HWFE/MemoryInterface,Pass
Compare,HWFE/MemoryInterface,Pass
Compare,HWFE/MemoryInterface,Pass
Compare,HWFE/MemoryInterface,Pass
Compare,HWFE/MemoryInterface,Pass
Compare,HWFE/MemoryInterface,Pass
Compare,HWFE/MemoryInterface,Pass
Compare,HWFE/MemoryInterface,Pass
Compare,HWFE/MemoryInterface,Pass
Compare,HWFE/MemoryInterface,Pass
Compare,HWFE/RegisterAccess,Pass
Compare,HWFE/RegisterAccess,Pass
Compare,HWFE/Semaphores,Pass
Compare,HWFE/Semaphores,Pass
Compare,HWFE/Semaphores,Pass
Compare,HWFE/Semaphores,Pass
Compare,HWFE/Semaphores,Pass
Compare,HWFE/Semaphores,Pass
Compare,HWFE/Semaphores,Pass
Compare,HWFE/Semaphores,Pass
Compare,HWFE/Semaphores,Pass
Compare,HWFE/Interrupt,Pass
Compare,HWFE/Semaphores,Pass
Compare,HWFE/Semaphores,NotRun
Compare,HWFE/RenderCompute,Pass
Compare,HWFE/Execlist,Pass
Compare,HWFE/Execlist,Pass
Compare,HWFE/Execlist,Pass
Compare,HWFE/Execlist,Pass
Compare,HWFE/Execlist,Fail
Compare,HWFE/Execlist,Pass
Compare,HWFE/Execlist,Pass
Compare,HWFE/Execlist,Pass
Compare,HWFE/Execlist,NotRun
Compare,HWFE/Execlist,Fail
Compare,HWFE/Execlist,Pass
Compare,HWFE/Execlist,Pass
Compare,HWFE/Execlist,Pass
Compare,HWFE/Execlist,Fail
Compare,HWFE/Execlist,Fail
Compare,HWFE/Execlist,Pass
Compare,HWFE/Execlist,Pass
Compare,HWFE/Execlist,Pass
Compare,HWFE/Execlist,Pass
Compare,HWFE/Execlist,Pass
Compare,HWFE/Execlist,Pass
Compare,HWFE/Execlist,Pass
Compare,HWFE/Execlist,Pass
Compare,HWFE/Execlist,Pass
Compare,HWFE/Execlist,Pass
Compare,HWFE/Execlist,Pass
Compare,HWFE/Execlist,Pass
Compare,HWFE/Execlist,Pass
Compare,HWFE/Execlist,Pass
Compare,HWFE/Execlist,Pass
Compare,HWFE/Execlist,Pass
Compare,HWFE/Preemption,Pass
Compare,HWFE/Preemption,Pass
Compare,HWFE/Interrupt,Pass
Compare,GLOBALS/Caches,Pass
Compare,GLOBALS/PatMocs,Pass
Compare,GLOBALS/PatMocs,Pass
Compare,GLOBALS/UnifiedMemory,Pass
Compare,GLOBALS/UnifiedMemory,Pass
Compare,GLOBALS/UnifiedMemory,Pass
Compare,GLOBALS/UnifiedMemory,Pass
Compare,GLOBALS/UnifiedMemory,Pass
Compare,GLOBALS/UnifiedMemory,Pass
Compare,GLOBALS/UnifiedMemory,Pass
Compare,GLOBALS/UnifiedMemory,Pass
Compare,GLOBALS/UnifiedMemory,Pass
Compare,GLOBALS/UnifiedMemory,Pass
Compare,GLOBALS/UnifiedMemory,Pass
Compare,GLOBALS/UnifiedMemory,NotRun
Compare,GLOBALS/UnifiedMemory,NotRun
Compare,GLOBALS/UnifiedMemory,Fail
Compare,GLOBALS/UnifiedMemory,Pass
Compare,GLOBALS/UnifiedMemory,Pass
Compare,GLOBALS/UnifiedMemory,Pass
Compare,GLOBALS/UnifiedMemory,Pass
Compare,GLOBALS/UnifiedMemory,Pass
Compare,GLOBALS/UnifiedMemory,Pass
Compare,GLOBALS/UnifiedMemory,Pass
Compare,GLOBALS/UnifiedMemory,Pass
Compare,GLOBALS/UnifiedMemory,Pass
Compare,GLOBALS/UnifiedMemory,Pass
Compare,GLOBALS/UnifiedMemory,Pass
Compare,GLOBALS/UnifiedMemory,Pass
Compare,GLOBALS/UnifiedMemory,Pass
Compare,GLOBALS/UnifiedMemory,Pass
Compare,GLOBALS/UnifiedMemory,Pass
Compare,GLOBALS/UnifiedMemory,Pass
Compare,GLOBALS/UnifiedMemory,Pass
Compare,GLOBALS/UnifiedMemory,Pass
Compare,GLOBALS/UnifiedMemory,Pass
Compare,GLOBALS/UnifiedMemory,Pass
Compare,GLOBALS/UnifiedMemory,Pass
Compare,GLOBALS/UnifiedMemory,Pass
Compare,GLOBALS/UnifiedMemory,Pass
Compare,GLOBALS/UnifiedMemory,Pass
Compare,GLOBALS/UnifiedMemory,Pass
Compare,GLOBALS/UnifiedMemory,Pass
Compare,GLOBALS/UnifiedMemory,Pass
Compare,GLOBALS/UnifiedMemory,Pass
Compare,GLOBALS/UnifiedMemory,Pass
Compare,GLOBALS/UnifiedMemory,Pass
Compare,GLOBALS/UnifiedMemory,Pass
Compare,GLOBALS/UnifiedMemory,Pass
Compare,GLOBALS/UnifiedMemory,NotRun
Compare,GLOBALS/UnifiedMemory,NotRun
Compare,GLOBALS/UnifiedMemory,Pass
Compare,GLOBALS/UnifiedMemory,Pass
Compare,GLOBALS/UnifiedMemory,Fail
Compare,GLOBALS/UnifiedMemory,Pass
Compare,GLOBALS/UnifiedMemory,Pass
Compare,GLOBALS/UnifiedMemory,Pass
Compare,GLOBALS/UnifiedMemory,Pass
Compare,GLOBALS/UnifiedMemory,Pass
Compare,GLOBALS/UnifiedMemory,Pass
Compare,GLOBALS/UnifiedMemory,Pass
Compare,GLOBALS/UnifiedMemory,Pass
Compare,GLOBALS/UnifiedMemory,Pass
Compare,GLOBALS/UnifiedMemory,Pass
Compare,GLOBALS/UnifiedMemory,Pass
Compare,GLOBALS/UnifiedMemory,Pass
Compare,GLOBALS/UnifiedMemory,Pass
Compare,GLOBALS/UnifiedMemory,Pass
Compare,GLOBALS/UnifiedMemory,Pass
Compare,GLOBALS/UnifiedMemory,Pass
Compare,HWFE/Interrupt,Pass
Compare,HWFE/Interrupt,Pass
Compare,HWFE/Interrupt,Fail
Compare,HWFE/Interrupt,Pass
Compare,HWFE/Interrupt,Pass
Compare,HWFE/MemoryInterface,Pass
Compare,HWFE/MemoryInterface,Pass
Compare,HWFE/MemoryInterface,Fail
Compare,HWFE/MemoryInterface,Pass
Compare,HWFE/MemoryInterface,Pass
Compare,HWFE/MemoryInterface,Pass
Compare,HWFE/MemoryInterface,Pass
Compare,HWFE/BatchBuffer,Pass
Compare,HWFE/BatchBuffer,Pass
Compare,HWFE/BatchBuffer,Pass
Compare,HWFE/BatchBuffer,Pass
Compare,HWFE/BatchBuffer,Fail
Compare,HWFE/BatchBuffer,Fail
Compare,HWFE/BatchBuffer,Fail
Compare,HWFE/BatchBuffer,Fail
Compare,HWFE/Interrupt,Pass
Compare,HWFE/MemoryInterface,NotRun
Compare,HWFE/MemoryInterface,NotRun
Compare,HWFE/MemoryInterface,NotRun
Compare,HWFE/MemoryInterface,NotRun
Compare,HWFE/MicroController,Pass
Compare,HWFE/MicroController,Pass
Compare,HWFE/MicroController,Pass
Compare,HWFE/MicroController,Pass
Compare,HWFE/MicroController,Pass
Compare,HWFE/MicroController,Pass
Compare,HWFE/MicroController,Pass
Compare,HWFE/MicroController,Pass
Compare,HWFE/MicroController,Pass
Compare,HWFE/MicroController,Pass
Compare,HWFE/MicroController,Pass
Compare,HWFE/MicroController,Pass
Compare,HWFE/MicroController,Pass
Compare,HWFE/MicroController,Fail
Compare,HWFE/MicroController,Fail
Compare,HWFE/MicroController,Fail
Compare,HWFE/MicroController,Fail
Compare,HWFE/MicroController,Fail
Compare,HWFE/MicroController,Fail
Compare,HWFE/MicroController,Fail
Compare,HWFE/MicroController,Fail
Compare,HWFE/MicroController,Fail
Compare,HWFE/MicroController,Fail
Compare,HWFE/MicroController,Fail
Compare,HWFE/MicroController,Fail
Compare,HWFE/MicroController,Fail
Compare,Concurrency/AllEngine,Pass
Compare,Concurrency/AllEngine,Fail
Compare,Concurrency/AllEngine,Pass
Compare,Concurrency/AllEngine,Fail
Compare,Concurrency/AllEngine,Pass
Compare,Concurrency/AllEngine,Fail
Compare,Concurrency/AllEngine,Pass
Compare,Concurrency/AllEngine,Pass
Compare,Concurrency/AllEngine,Pass
Compare,Concurrency/AllEngine,Pass
Compare,Concurrency/AllEngine,Pass
Compare,Concurrency/AllEngine,Pass
Compare,Concurrency/AllEngine,Pass
Compare,Concurrency/AllEngine,Pass
Compare,Concurrency/AllEngine,Pass
Compare,Concurrency/AllEngine,Pass
Compare,Concurrency/AllEngine,Pass
Compare,Concurrency/AllEngine,Pass
Compare,Concurrency/AllEngine,Pass
Compare,Concurrency/AllEngine,Pass
Compare,Concurrency/AllEngine,Pass
Compare,Concurrency/AllEngine,Pass
Compare,Concurrency/AllEngine,Pass
Compare,Concurrency/AllEngine,Pass
Compare,Concurrency/AllEngine,Pass
Compare,Concurrency/AllEngine,Pass
Compare,Concurrency/AllEngine,Pass
Compare,Concurrency/AllEngine,Pass
Compare,Concurrency/AllEngine,Pass
Compare,Concurrency/AllEngine,Pass
Compare,Concurrency/AllEngine,Pass
Compare,Concurrency/AllEngine,Pass
Compare,Concurrency/AllEngine,Pass
Compare,Concurrency/AllEngine,Pass
Compare,Concurrency/AllEngine,Pass
Compare,Concurrency/AllEngine,Pass
Compare,Concurrency/AllEngine,Pass
Compare,Concurrency/AllEngine,Pass
Compare,Concurrency/AllEngine,Pass
Compare,Concurrency/AllEngine,Pass
Compare,Concurrency/AllEngine,Pass
Compare,Concurrency/AllEngine,Pass
Compare,Concurrency/AllEngine,NotRun
Compare,GLOBALS/UnifiedMemory,NotRun
Compare,HWFE/MicroController,NotRun
Compare,HWFE/MicroController,NotRun
